id,order_id,product_variant_id,quantity,unit_price,icms_rate,ipi_rate,line_total,id_variant,product_id,id_order,placed_at,status,ano_mes
457,150,148,2,1235.13,17.0,10.0,2470.26,148,74,150,2025-01-13 05:12:49,paid,2025-01
820,262,147,5,3400.77,17.0,5.0,17003.85,147,74,262,2022-04-01 07:44:41,cancelled,2022-04
1020,328,147,1,3400.77,17.0,5.0,3400.77,147,74,328,2023-03-07 03:00:18,paid,2023-03
1222,397,148,7,1235.13,17.0,10.0,8645.91,148,74,397,2020-02-13 02:02:06,paid,2020-02
1652,533,147,3,3400.77,17.0,5.0,10202.31,147,74,533,2024-06-20 11:12:42,confirmed,2024-06
1737,563,148,1,1235.13,17.0,10.0,1235.13,148,74,563,2024-03-22 15:47:59,paid,2024-03
1777,576,148,2,1235.13,17.0,10.0,2470.26,148,74,576,2024-02-04 04:28:47,paid,2024-02
1844,599,148,2,1235.13,17.0,10.0,2470.26,148,74,599,2021-03-05 14:23:56,confirmed,2021-03
2058,666,486,9,1758.87,18.0,0.0,15829.83,486,240,666,2020-01-11 11:20:28,paid,2020-01
2751,889,148,8,1235.13,17.0,10.0,9881.04,148,74,889,2022-05-05 11:06:29,draft,2022-05
2892,935,148,1,1235.13,17.0,10.0,1235.13,148,74,935,2024-09-18 13:00:32,cancelled,2024-09
2904,939,147,4,3400.77,17.0,5.0,13603.08,147,74,939,2023-04-27 03:56:27,confirmed,2023-04
2937,953,486,3,1758.87,18.0,0.0,5276.61,486,240,953,2021-09-10 18:25:23,paid,2021-09
3281,1067,148,2,1235.13,17.0,10.0,2470.26,148,74,1067,2025-07-18 23:47:37,paid,2025-07
3466,1132,486,7,1758.87,18.0,0.0,12312.09,486,240,1132,2026-02-27 01:02:56,paid,2026-02
4158,1355,148,3,1235.13,17.0,10.0,3705.39,148,74,1355,2026-02-21 19:13:34,paid,2026-02
4241,1380,147,8,3400.77,17.0,5.0,27206.16,147,74,1380,2025-03-04 18:05:26,paid,2025-03
4855,1577,147,5,3400.77,17.0,5.0,17003.85,147,74,1577,2025-09-19 06:51:09,cancelled,2025-09
4931,1604,148,7,1235.13,17.0,10.0,8645.91,148,74,1604,2026-09-28 06:44:00,paid,2026-09
5363,1743,148,5,1235.13,17.0,10.0,6175.65,148,74,1743,2024-05-02 20:41:08,paid,2024-05
5588,1821,486,4,1758.87,18.0,0.0,7035.48,486,240,1821,2024-03-30 00:53:51,paid,2024-03
5959,1948,147,4,3400.77,17.0,5.0,13603.08,147,74,1948,2026-03-19 00:30:50,paid,2026-03
6244,2041,147,6,3400.77,17.0,5.0,20404.62,147,74,2041,2024-04-27 10:30:54,paid,2024-04
6482,2118,148,1,1235.13,17.0,10.0,1235.13,148,74,2118,2025-04-01 19:36:22,paid,2025-04
6521,2130,148,2,1235.13,17.0,10.0,2470.26,148,74,2130,2025-03-02 00:36:33,paid,2025-03
7969,2618,148,7,1235.13,17.0,10.0,8645.91,148,74,2618,2020-02-28 13:33:26,paid,2020-02
8792,2894,148,3,1235.13,17.0,10.0,3705.39,148,74,2894,2022-03-19 03:27:41,paid,2022-03
9841,3239,147,9,3400.77,17.0,5.0,30606.93,147,74,3239,2023-01-30 03:55:44,paid,2023-01
9934,3273,148,2,1235.13,17.0,10.0,2470.26,148,74,3273,2026-01-29 01:35:31,cancelled,2026-01
9992,3293,486,5,1758.87,18.0,0.0,8794.35,486,240,3293,2023-12-19 10:55:29,paid,2023-12
10310,3392,148,5,1235.13,17.0,10.0,6175.65,148,74,3392,2024-07-06 14:32:40,paid,2024-07
10458,3443,486,9,1758.87,18.0,0.0,15829.83,486,240,3443,2025-08-05 22:35:21,paid,2025-08
10464,3445,147,6,3400.77,17.0,5.0,20404.62,147,74,3445,2020-01-24 07:08:29,paid,2020-01
10632,3502,486,5,1758.87,18.0,0.0,8794.35,486,240,3502,2026-02-17 15:30:45,paid,2026-02
10691,3520,147,8,3400.77,17.0,5.0,27206.16,147,74,3520,2024-05-21 00:56:02,paid,2024-05
11414,3757,147,6,3400.77,17.0,5.0,20404.62,147,74,3757,2024-09-09 08:50:53,paid,2024-09
11769,3877,148,4,1235.13,17.0,10.0,4940.52,148,74,3877,2022-02-13 00:54:06,draft,2022-02
12240,4032,486,3,1758.87,18.0,0.0,5276.61,486,240,4032,2026-02-24 07:37:28,cancelled,2026-02
12396,4084,486,3,1758.87,18.0,0.0,5276.61,486,240,4084,2021-05-03 13:31:10,confirmed,2021-05
12829,4241,486,8,1758.87,18.0,0.0,14070.96,486,240,4241,2024-11-02 11:14:27,paid,2024-11
12993,4298,148,1,1235.13,17.0,10.0,1235.13,148,74,4298,2024-10-05 05:14:22,paid,2024-10
13078,4326,486,1,1758.87,18.0,0.0,1758.87,486,240,4326,2026-01-17 20:00:28,paid,2026-01
13081,4327,147,10,3400.77,17.0,5.0,34007.7,147,74,4327,2024-04-26 15:25:40,paid,2024-04
13338,4410,147,3,3400.77,17.0,5.0,10202.31,147,74,4410,2022-10-19 01:59:20,confirmed,2022-10
13700,4525,148,6,1235.13,17.0,10.0,7410.78,148,74,4525,2022-02-08 23:09:03,paid,2022-02
13808,4559,486,4,1758.87,18.0,0.0,7035.48,486,240,4559,2026-11-07 01:27:35,cancelled,2026-11
14038,4637,147,8,3400.77,17.0,5.0,27206.16,147,74,4637,2025-03-13 22:03:58,paid,2025-03
14153,4676,148,5,1235.13,17.0,10.0,6175.65,148,74,4676,2025-07-02 14:04:45,paid,2025-07
14291,4717,148,5,1235.13,17.0,10.0,6175.65,148,74,4717,2023-10-03 02:34:55,cancelled,2023-10
14324,4728,148,7,1235.13,17.0,10.0,8645.91,148,74,4728,2023-02-16 12:23:02,confirmed,2023-02
14506,4784,148,8,1235.13,17.0,10.0,9881.04,148,74,4784,2021-04-11 09:40:56,paid,2021-04
14661,4840,147,6,3400.77,17.0,5.0,20404.62,147,74,4840,2026-01-26 06:59:55,paid,2026-01
14747,4871,147,5,3400.77,17.0,5.0,17003.85,147,74,4871,2025-03-25 11:59:49,paid,2025-03
15112,4991,486,6,1758.87,18.0,0.0,10553.22,486,240,4991,2026-03-22 06:39:59,cancelled,2026-03
15559,5128,147,10,3400.77,17.0,5.0,34007.7,147,74,5128,2020-11-14 09:07:26,paid,2020-11
15666,5163,486,9,1758.87,18.0,0.0,15829.83,486,240,5163,2025-08-27 11:06:24,paid,2025-08
16124,5313,148,5,1235.13,17.0,10.0,6175.65,148,74,5313,2021-03-07 22:25:15,paid,2021-03
16431,5417,148,6,1235.13,17.0,10.0,7410.78,148,74,5417,2025-02-12 02:31:42,paid,2025-02
16448,5423,486,5,1758.87,18.0,0.0,8794.35,486,240,5423,2021-11-19 13:41:11,paid,2021-11
16884,5568,486,7,1758.87,18.0,0.0,12312.09,486,240,5568,2020-03-11 21:49:20,paid,2020-03
16946,5585,486,2,1758.87,18.0,0.0,3517.74,486,240,5585,2026-07-18 10:00:46,draft,2026-07
17164,5656,486,9,1758.87,18.0,0.0,15829.83,486,240,5656,2026-11-16 01:12:43,paid,2026-11
17190,5665,486,7,1758.87,18.0,0.0,12312.09,486,240,5665,2026-06-05 04:35:40,paid,2026-06
17420,5741,486,3,1758.87,18.0,0.0,5276.61,486,240,5741,2023-11-07 02:51:43,paid,2023-11
18695,6166,486,6,1758.87,18.0,0.0,10553.22,486,240,6166,2023-07-23 20:33:45,confirmed,2023-07
19247,6344,148,1,1235.13,17.0,10.0,1235.13,148,74,6344,2020-11-21 02:22:14,paid,2020-11
20235,6680,486,8,1758.87,18.0,0.0,14070.96,486,240,6680,2025-04-13 10:06:34,paid,2025-04
20435,6747,147,4,3400.77,17.0,5.0,13603.08,147,74,6747,2026-06-29 16:18:40,confirmed,2026-06
21485,7105,147,1,3400.77,17.0,5.0,3400.77,147,74,7105,2026-01-20 02:31:59,draft,2026-01
21764,7202,486,2,1758.87,18.0,0.0,3517.74,486,240,7202,2020-02-27 09:37:22,paid,2020-02
21808,7219,486,5,1758.87,18.0,0.0,8794.35,486,240,7219,2025-07-02 04:05:01,draft,2025-07
21970,7274,148,5,1235.13,17.0,10.0,6175.65,148,74,7274,2021-12-18 17:05:15,paid,2021-12
22135,7328,486,2,1758.87,18.0,0.0,3517.74,486,240,7328,2025-11-01 09:03:27,paid,2025-11
22499,7447,147,2,3400.77,17.0,5.0,6801.54,147,74,7447,2021-12-18 17:43:26,paid,2021-12
22507,7450,147,5,3400.77,17.0,5.0,17003.85,147,74,7450,2026-03-20 17:51:47,paid,2026-03
22977,7609,486,7,1758.87,18.0,0.0,12312.09,486,240,7609,2022-12-17 11:27:36,paid,2022-12
23156,7671,147,1,3400.77,17.0,5.0,3400.77,147,74,7671,2026-11-27 21:18:39,paid,2026-11
24086,7978,486,4,1758.87,18.0,0.0,7035.48,486,240,7978,2024-06-23 19:52:25,confirmed,2024-06
24171,8007,147,10,3400.77,17.0,5.0,34007.7,147,74,8007,2024-03-02 05:33:37,cancelled,2024-03
24241,8029,486,3,1758.87,18.0,0.0,5276.61,486,240,8029,2025-03-01 17:38:51,paid,2025-03
24468,8104,147,5,3400.77,17.0,5.0,17003.85,147,74,8104,2022-10-14 07:16:50,confirmed,2022-10
24642,8162,148,8,1235.13,17.0,10.0,9881.04,148,74,8162,2021-08-08 04:11:24,paid,2021-08
24762,8198,148,1,1235.13,17.0,10.0,1235.13,148,74,8198,2021-04-09 10:24:34,paid,2021-04
24839,8226,147,5,3400.77,17.0,5.0,17003.85,147,74,8226,2021-02-23 19:09:12,paid,2021-02
24968,8267,486,6,1758.87,18.0,0.0,10553.22,486,240,8267,2021-12-10 18:11:51,paid,2021-12
25040,8293,147,4,3400.77,17.0,5.0,13603.08,147,74,8293,2021-11-07 04:14:51,paid,2021-11
25820,8555,486,4,1758.87,18.0,0.0,7035.48,486,240,8555,2020-11-04 05:30:57,paid,2020-11
25822,8555,148,9,1235.13,17.0,10.0,11116.17,148,74,8555,2020-11-04 05:30:57,paid,2020-11
26088,8645,148,7,1235.13,17.0,10.0,8645.91,148,74,8645,2024-01-15 09:21:13,paid,2024-01
26290,8706,147,1,3400.77,17.0,5.0,3400.77,147,74,8706,2023-02-15 11:47:40,paid,2023-02
26626,8816,486,10,1758.87,18.0,0.0,17588.7,486,240,8816,2026-05-10 08:30:57,paid,2026-05
27090,8957,147,1,3400.77,17.0,5.0,3400.77,147,74,8957,2022-04-16 01:33:08,paid,2022-04
27758,9166,486,2,1758.87,18.0,0.0,3517.74,486,240,9166,2026-11-06 05:00:05,paid,2026-11
27809,9183,486,10,1758.87,18.0,0.0,17588.7,486,240,9183,2026-06-19 16:46:47,paid,2026-06
28111,9286,147,4,3400.77,17.0,5.0,13603.08,147,74,9286,2024-04-01 12:04:00,paid,2024-04
28328,9360,148,10,1235.13,17.0,10.0,12351.3,148,74,9360,2020-12-18 05:52:23,confirmed,2020-12
29144,9627,147,1,3400.77,17.0,5.0,3400.77,147,74,9627,2025-10-03 17:59:50,paid,2025-10
30229,9986,147,1,3400.77,17.0,5.0,3400.77,147,74,9986,2025-10-05 09:36:04,cancelled,2025-10
30289,10006,486,8,1758.87,18.0,0.0,14070.96,486,240,10006,2026-09-26 13:30:40,confirmed,2026-09
30547,10096,486,4,1758.87,18.0,0.0,7035.48,486,240,10096,2021-09-13 23:05:26,cancelled,2021-09
31293,10347,148,8,1235.13,17.0,10.0,9881.04,148,74,10347,2026-12-23 20:24:01,paid,2026-12
31767,10509,147,7,3400.77,17.0,5.0,23805.39,147,74,10509,2021-12-23 01:35:01,confirmed,2021-12
31863,10544,147,6,3400.77,17.0,5.0,20404.62,147,74,10544,2022-12-26 08:46:30,paid,2022-12
32113,10627,148,4,1235.13,17.0,10.0,4940.52,148,74,10627,2022-10-21 19:00:45,paid,2022-10
33567,11119,486,1,1758.87,18.0,0.0,1758.87,486,240,11119,2022-03-16 12:39:56,cancelled,2022-03
33593,11127,148,6,1235.13,17.0,10.0,7410.78,148,74,11127,2024-01-02 16:14:20,paid,2024-01
34313,11381,147,4,3400.77,17.0,5.0,13603.08,147,74,11381,2020-01-21 20:59:00,confirmed,2020-01
34406,11410,486,1,1758.87,18.0,0.0,1758.87,486,240,11410,2023-03-11 00:12:19,paid,2023-03
35138,11651,148,9,1235.13,17.0,10.0,11116.17,148,74,11651,2022-10-13 08:50:38,paid,2022-10
35288,11702,147,4,3400.77,17.0,5.0,13603.08,147,74,11702,2022-12-03 11:35:18,paid,2022-12
35310,11711,486,2,1758.87,18.0,0.0,3517.74,486,240,11711,2026-09-19 19:59:12,paid,2026-09
36017,11953,147,2,3400.77,17.0,5.0,6801.54,147,74,11953,2020-01-03 22:58:57,draft,2020-01
36624,12145,147,3,3400.77,17.0,5.0,10202.31,147,74,12145,2025-11-27 11:04:54,paid,2025-11
36639,12151,148,4,1235.13,17.0,10.0,4940.52,148,74,12151,2026-02-14 10:33:17,confirmed,2026-02
37049,12292,148,6,1235.13,17.0,10.0,7410.78,148,74,12292,2024-02-08 18:43:14,confirmed,2024-02
37229,12356,486,7,1758.87,18.0,0.0,12312.09,486,240,12356,2025-11-08 08:25:16,paid,2025-11
37236,12360,148,5,1235.13,17.0,10.0,6175.65,148,74,12360,2026-05-27 18:50:54,cancelled,2026-05
37712,12508,486,3,1758.87,18.0,0.0,5276.61,486,240,12508,2021-01-03 16:18:35,paid,2021-01
37763,12527,147,2,3400.77,17.0,5.0,6801.54,147,74,12527,2024-12-08 07:45:35,paid,2024-12
37880,12562,148,6,1235.13,17.0,10.0,7410.78,148,74,12562,2021-06-27 19:28:41,paid,2021-06
38047,12620,147,2,3400.77,17.0,5.0,6801.54,147,74,12620,2026-02-22 21:26:53,draft,2026-02
38967,12910,147,5,3400.77,17.0,5.0,17003.85,147,74,12910,2021-11-13 04:01:18,paid,2021-11
39435,13076,147,9,3400.77,17.0,5.0,30606.93,147,74,13076,2023-12-21 18:22:27,cancelled,2023-12
39463,13087,148,1,1235.13,17.0,10.0,1235.13,148,74,13087,2026-09-27 01:44:14,paid,2026-09
39641,13142,148,1,1235.13,17.0,10.0,1235.13,148,74,13142,2022-03-14 06:51:20,draft,2022-03
40015,13268,147,2,3400.77,17.0,5.0,6801.54,147,74,13268,2024-05-06 22:56:51,paid,2024-05
40496,13428,147,9,3400.77,17.0,5.0,30606.93,147,74,13428,2024-10-01 09:24:05,paid,2024-10
40793,13526,148,7,1235.13,17.0,10.0,8645.91,148,74,13526,2021-04-11 14:27:56,paid,2021-04
40987,13595,486,7,1758.87,18.0,0.0,12312.09,486,240,13595,2020-12-21 00:36:42,paid,2020-12
41049,13615,486,6,1758.87,18.0,0.0,10553.22,486,240,13615,2021-10-05 21:16:16,paid,2021-10
41609,13793,147,6,3400.77,17.0,5.0,20404.62,147,74,13793,2026-12-02 18:33:52,paid,2026-12
41667,13809,486,8,1758.87,18.0,0.0,14070.96,486,240,13809,2024-04-24 12:31:01,paid,2024-04
41919,13891,148,7,1235.13,17.0,10.0,8645.91,148,74,13891,2025-11-17 20:23:04,paid,2025-11
42187,13973,148,1,1235.13,17.0,10.0,1235.13,148,74,13973,2023-08-09 19:15:56,confirmed,2023-08
43246,14313,148,5,1235.13,17.0,10.0,6175.65,148,74,14313,2023-10-08 13:22:13,paid,2023-10
43416,14368,148,10,1235.13,17.0,10.0,12351.3,148,74,14368,2021-12-27 12:26:27,confirmed,2021-12
43989,14544,147,4,3400.77,17.0,5.0,13603.08,147,74,14544,2024-03-16 01:37:16,paid,2024-03
43994,14545,486,8,1758.87,18.0,0.0,14070.96,486,240,14545,2022-04-01 11:54:06,paid,2022-04
44234,14626,147,3,3400.77,17.0,5.0,10202.31,147,74,14626,2025-12-07 10:55:39,paid,2025-12
44826,14828,147,8,3400.77,17.0,5.0,27206.16,147,74,14828,2026-09-17 20:15:34,paid,2026-09
45136,14931,148,6,1235.13,17.0,10.0,7410.78,148,74,14931,2021-02-07 03:47:56,cancelled,2021-02
45320,14987,147,10,3400.77,17.0,5.0,34007.7,147,74,14987,2025-05-05 22:12:23,paid,2025-05
45464,15043,486,6,1758.87,18.0,0.0,10553.22,486,240,15043,2025-11-10 09:02:40,cancelled,2025-11
45475,15046,148,7,1235.13,17.0,10.0,8645.91,148,74,15046,2023-04-26 03:42:09,confirmed,2023-04
46065,15239,147,5,3400.77,17.0,5.0,17003.85,147,74,15239,2026-09-06 07:44:07,paid,2026-09
46220,15288,486,7,1758.87,18.0,0.0,12312.09,486,240,15288,2020-09-16 18:28:40,confirmed,2020-09
46468,15370,148,2,1235.13,17.0,10.0,2470.26,148,74,15370,2025-11-02 09:27:57,paid,2025-11
46669,15439,147,3,3400.77,17.0,5.0,10202.31,147,74,15439,2024-01-18 07:36:28,paid,2024-01
47092,15574,148,6,1235.13,17.0,10.0,7410.78,148,74,15574,2022-09-06 14:53:33,paid,2022-09
48544,16044,148,4,1235.13,17.0,10.0,4940.52,148,74,16044,2024-02-02 06:18:43,paid,2024-02
48767,16112,486,10,1758.87,18.0,0.0,17588.7,486,240,16112,2022-12-14 23:52:13,paid,2022-12
48894,16151,147,10,3400.77,17.0,5.0,34007.7,147,74,16151,2021-11-09 20:04:11,paid,2021-11
49089,16220,486,9,1758.87,18.0,0.0,15829.83,486,240,16220,2022-03-31 05:31:52,confirmed,2022-03
50538,16698,486,3,1758.87,18.0,0.0,5276.61,486,240,16698,2024-01-19 22:47:22,confirmed,2024-01
50609,16722,147,9,3400.77,17.0,5.0,30606.93,147,74,16722,2026-01-16 20:42:43,paid,2026-01
50615,16724,148,2,1235.13,17.0,10.0,2470.26,148,74,16724,2026-12-05 13:02:06,paid,2026-12
51169,16908,148,10,1235.13,17.0,10.0,12351.3,148,74,16908,2023-10-16 01:29:47,paid,2023-10
52304,17291,148,10,1235.13,17.0,10.0,12351.3,148,74,17291,2024-03-27 05:57:36,paid,2024-03
52319,17296,148,6,1235.13,17.0,10.0,7410.78,148,74,17296,2023-10-05 18:15:19,paid,2023-10
52462,17346,147,8,3400.77,17.0,5.0,27206.16,147,74,17346,2025-10-14 05:49:10,cancelled,2025-10
52559,17377,147,7,3400.77,17.0,5.0,23805.39,147,74,17377,2026-07-24 05:04:23,paid,2026-07
52882,17485,148,7,1235.13,17.0,10.0,8645.91,148,74,17485,2023-11-25 00:38:47,paid,2023-11
53750,17760,486,6,1758.87,18.0,0.0,10553.22,486,240,17760,2022-07-25 17:20:14,cancelled,2022-07
53793,17776,147,8,3400.77,17.0,5.0,27206.16,147,74,17776,2020-06-26 00:22:47,paid,2020-06
54505,18011,147,10,3400.77,17.0,5.0,34007.7,147,74,18011,2026-03-27 20:22:11,confirmed,2026-03
54545,18024,148,6,1235.13,17.0,10.0,7410.78,148,74,18024,2026-01-14 15:46:51,confirmed,2026-01
54656,18061,147,1,3400.77,17.0,5.0,3400.77,147,74,18061,2021-12-30 22:47:18,paid,2021-12
54800,18104,486,1,1758.87,18.0,0.0,1758.87,486,240,18104,2023-02-01 22:15:40,confirmed,2023-02
55231,18245,147,9,3400.77,17.0,5.0,30606.93,147,74,18245,2023-12-13 05:30:12,paid,2023-12
55257,18255,148,2,1235.13,17.0,10.0,2470.26,148,74,18255,2026-03-16 17:38:53,paid,2026-03
55365,18291,486,5,1758.87,18.0,0.0,8794.35,486,240,18291,2022-08-23 09:25:54,draft,2022-08
55367,18292,148,1,1235.13,17.0,10.0,1235.13,148,74,18292,2026-01-18 16:27:19,paid,2026-01
55389,18300,148,3,1235.13,17.0,10.0,3705.39,148,74,18300,2026-03-20 14:48:19,draft,2026-03
55853,18461,486,3,1758.87,18.0,0.0,5276.61,486,240,18461,2025-10-29 22:24:18,paid,2025-10
56220,18573,147,4,3400.77,17.0,5.0,13603.08,147,74,18573,2025-11-11 06:06:06,paid,2025-11
56517,18677,148,4,1235.13,17.0,10.0,4940.52,148,74,18677,2026-09-19 09:44:40,paid,2026-09
56552,18688,486,1,1758.87,18.0,0.0,1758.87,486,240,18688,2021-10-25 16:54:55,paid,2021-10
56820,18775,147,7,3400.77,17.0,5.0,23805.39,147,74,18775,2022-06-10 17:07:30,confirmed,2022-06
56947,18819,147,10,3400.77,17.0,5.0,34007.7,147,74,18819,2025-03-08 16:54:57,draft,2025-03
57075,18861,486,3,1758.87,18.0,0.0,5276.61,486,240,18861,2022-10-30 11:02:35,cancelled,2022-10
57454,18982,486,2,1758.87,18.0,0.0,3517.74,486,240,18982,2025-12-14 10:04:05,paid,2025-12
58470,19317,147,3,3400.77,17.0,5.0,10202.31,147,74,19317,2021-08-16 02:15:40,paid,2021-08
58844,19442,486,4,1758.87,18.0,0.0,7035.48,486,240,19442,2023-01-22 05:01:17,paid,2023-01
59009,19500,148,7,1235.13,17.0,10.0,8645.91,148,74,19500,2025-09-02 20:52:07,paid,2025-09
59285,19592,148,4,1235.13,17.0,10.0,4940.52,148,74,19592,2024-09-17 11:26:27,paid,2024-09
59516,19674,148,1,1235.13,17.0,10.0,1235.13,148,74,19674,2022-08-07 18:05:12,confirmed,2022-08
60446,19986,486,4,1758.87,18.0,0.0,7035.48,486,240,19986,2022-12-06 13:38:50,paid,2022-12
61016,20179,486,10,1758.87,18.0,0.0,17588.7,486,240,20179,2024-01-03 09:37:37,cancelled,2024-01
61032,20185,486,8,1758.87,18.0,0.0,14070.96,486,240,20185,2026-04-27 12:57:38,draft,2026-04
61536,20359,147,9,3400.77,17.0,5.0,30606.93,147,74,20359,2026-06-23 13:45:56,paid,2026-06
61753,20429,148,6,1235.13,17.0,10.0,7410.78,148,74,20429,2022-03-07 09:04:09,confirmed,2022-03
62126,20557,486,1,1758.87,18.0,0.0,1758.87,486,240,20557,2024-09-27 09:46:17,cancelled,2024-09
62673,20742,147,2,3400.77,17.0,5.0,6801.54,147,74,20742,2024-11-04 22:22:53,paid,2024-11
62981,20847,148,5,1235.13,17.0,10.0,6175.65,148,74,20847,2026-10-25 06:25:05,paid,2026-10
63222,20928,486,10,1758.87,18.0,0.0,17588.7,486,240,20928,2020-11-16 22:17:08,paid,2020-11
63336,20962,147,10,3400.77,17.0,5.0,34007.7,147,74,20962,2024-12-28 15:10:18,paid,2024-12
63743,21093,147,9,3400.77,17.0,5.0,30606.93,147,74,21093,2024-04-03 09:03:29,paid,2024-04
63765,21101,148,10,1235.13,17.0,10.0,12351.3,148,74,21101,2022-02-25 01:09:16,cancelled,2022-02
64080,21215,486,7,1758.87,18.0,0.0,12312.09,486,240,21215,2025-01-05 08:46:09,paid,2025-01
64970,21502,147,5,3400.77,17.0,5.0,17003.85,147,74,21502,2025-02-04 05:53:41,paid,2025-02
65079,21540,148,9,1235.13,17.0,10.0,11116.17,148,74,21540,2020-01-17 13:06:23,paid,2020-01
65122,21554,147,10,3400.77,17.0,5.0,34007.7,147,74,21554,2022-10-09 09:29:42,confirmed,2022-10
65376,21635,148,5,1235.13,17.0,10.0,6175.65,148,74,21635,2021-03-10 03:21:17,cancelled,2021-03
65822,21775,148,4,1235.13,17.0,10.0,4940.52,148,74,21775,2020-07-28 07:03:17,paid,2020-07
65875,21791,148,2,1235.13,17.0,10.0,2470.26,148,74,21791,2025-09-24 22:17:13,paid,2025-09
65992,21826,148,10,1235.13,17.0,10.0,12351.3,148,74,21826,2024-11-09 20:17:53,paid,2024-11
66787,22099,486,2,1758.87,18.0,0.0,3517.74,486,240,22099,2022-11-23 06:04:06,paid,2022-11
67208,22249,148,8,1235.13,17.0,10.0,9881.04,148,74,22249,2026-01-23 16:50:49,confirmed,2026-01
67483,22343,147,8,3400.77,17.0,5.0,27206.16,147,74,22343,2020-04-22 19:41:43,paid,2020-04
67682,22406,486,9,1758.87,18.0,0.0,15829.83,486,240,22406,2024-02-05 08:07:08,confirmed,2024-02
68115,22554,148,4,1235.13,17.0,10.0,4940.52,148,74,22554,2026-03-26 16:58:10,paid,2026-03
69660,23069,147,1,3400.77,17.0,5.0,3400.77,147,74,23069,2021-01-14 23:52:49,paid,2021-01
69831,23128,148,2,1235.13,17.0,10.0,2470.26,148,74,23128,2025-07-16 00:53:51,confirmed,2025-07
69976,23173,486,5,1758.87,18.0,0.0,8794.35,486,240,23173,2025-10-13 06:11:23,paid,2025-10
70028,23190,486,10,1758.87,18.0,0.0,17588.7,486,240,23190,2022-01-08 11:37:38,paid,2022-01
70083,23210,486,9,1758.87,18.0,0.0,15829.83,486,240,23210,2022-10-16 19:20:40,paid,2022-10
70089,23212,147,5,3400.77,17.0,5.0,17003.85,147,74,23212,2026-02-04 00:50:02,paid,2026-02
70361,23308,148,4,1235.13,17.0,10.0,4940.52,148,74,23308,2020-04-16 09:19:19,cancelled,2020-04
70642,23397,147,9,3400.77,17.0,5.0,30606.93,147,74,23397,2024-08-27 18:06:06,paid,2024-08
71160,23560,147,4,3400.77,17.0,5.0,13603.08,147,74,23560,2022-09-21 09:35:37,paid,2022-09
71854,23790,148,7,1235.13,17.0,10.0,8645.91,148,74,23790,2024-04-27 23:26:57,confirmed,2024-04
72042,23846,148,9,1235.13,17.0,10.0,11116.17,148,74,23846,2020-12-27 22:02:35,paid,2020-12
72312,23936,147,1,3400.77,17.0,5.0,3400.77,147,74,23936,2025-12-20 02:09:56,confirmed,2025-12
72434,23972,148,1,1235.13,17.0,10.0,1235.13,148,74,23972,2024-06-03 10:55:54,cancelled,2024-06
72614,24032,486,3,1758.87,18.0,0.0,5276.61,486,240,24032,2022-02-25 20:14:31,paid,2022-02
73193,24232,148,4,1235.13,17.0,10.0,4940.52,148,74,24232,2026-08-18 07:54:03,paid,2026-08
73677,24394,486,5,1758.87,18.0,0.0,8794.35,486,240,24394,2021-05-04 12:00:14,paid,2021-05
74077,24532,486,5,1758.87,18.0,0.0,8794.35,486,240,24532,2025-01-10 01:42:37,paid,2025-01
74377,24637,148,10,1235.13,17.0,10.0,12351.3,148,74,24637,2026-08-16 14:08:51,paid,2026-08
74480,24674,147,9,3400.77,17.0,5.0,30606.93,147,74,24674,2020-08-03 13:48:50,confirmed,2020-08
75527,25021,147,5,3400.77,17.0,5.0,17003.85,147,74,25021,2023-09-17 20:02:11,confirmed,2023-09
76038,25177,147,6,3400.77,17.0,5.0,20404.62,147,74,25177,2022-03-18 20:36:26,paid,2022-03
76299,25261,148,6,1235.13,17.0,10.0,7410.78,148,74,25261,2026-05-14 17:56:36,paid,2026-05
76485,25323,147,6,3400.77,17.0,5.0,20404.62,147,74,25323,2025-12-29 00:53:21,paid,2025-12
76543,25341,147,7,3400.77,17.0,5.0,23805.39,147,74,25341,2022-09-29 03:07:40,paid,2022-09
76606,25361,486,2,1758.87,18.0,0.0,3517.74,486,240,25361,2024-03-11 05:56:13,confirmed,2024-03
77017,25499,147,3,3400.77,17.0,5.0,10202.31,147,74,25499,2023-12-19 02:15:32,paid,2023-12
77031,25504,148,3,1235.13,17.0,10.0,3705.39,148,74,25504,2026-10-23 15:11:17,cancelled,2026-10
77155,25542,486,3,1758.87,18.0,0.0,5276.61,486,240,25542,2026-12-27 11:13:12,paid,2026-12
77643,25698,148,2,1235.13,17.0,10.0,2470.26,148,74,25698,2026-09-16 18:06:57,confirmed,2026-09
77686,25709,148,1,1235.13,17.0,10.0,1235.13,148,74,25709,2026-12-31 21:59:40,paid,2026-12
77691,25712,148,9,1235.13,17.0,10.0,11116.17,148,74,25712,2026-11-25 08:49:51,paid,2026-11
77706,25717,148,1,1235.13,17.0,10.0,1235.13,148,74,25717,2024-05-19 19:40:55,paid,2024-05
78491,25983,147,10,3400.77,17.0,5.0,34007.7,147,74,25983,2024-12-12 10:09:59,cancelled,2024-12
78609,26027,148,5,1235.13,17.0,10.0,6175.65,148,74,26027,2025-07-01 14:52:13,paid,2025-07
78640,26038,486,4,1758.87,18.0,0.0,7035.48,486,240,26038,2024-05-10 13:51:03,paid,2024-05
79409,26286,486,9,1758.87,18.0,0.0,15829.83,486,240,26286,2020-03-22 03:16:16,paid,2020-03
79762,26407,486,7,1758.87,18.0,0.0,12312.09,486,240,26407,2022-12-08 05:24:32,paid,2022-12
79778,26411,147,8,3400.77,17.0,5.0,27206.16,147,74,26411,2020-11-18 00:42:54,paid,2020-11
79787,26414,147,8,3400.77,17.0,5.0,27206.16,147,74,26414,2021-10-13 18:25:45,paid,2021-10
79823,26425,486,7,1758.87,18.0,0.0,12312.09,486,240,26425,2024-11-30 03:38:04,paid,2024-11
79987,26477,148,6,1235.13,17.0,10.0,7410.78,148,74,26477,2025-10-28 02:18:18,paid,2025-10
80309,26594,147,1,3400.77,17.0,5.0,3400.77,147,74,26594,2021-03-04 19:55:54,paid,2021-03
80765,26740,148,5,1235.13,17.0,10.0,6175.65,148,74,26740,2026-04-25 19:29:04,draft,2026-04
80834,26763,148,1,1235.13,17.0,10.0,1235.13,148,74,26763,2024-03-10 03:09:36,paid,2024-03
80894,26780,486,6,1758.87,18.0,0.0,10553.22,486,240,26780,2026-03-09 09:05:38,paid,2026-03
80914,26788,147,3,3400.77,17.0,5.0,10202.31,147,74,26788,2025-11-17 18:32:26,paid,2025-11
81173,26866,147,1,3400.77,17.0,5.0,3400.77,147,74,26866,2022-12-27 17:54:06,confirmed,2022-12
81610,27011,148,6,1235.13,17.0,10.0,7410.78,148,74,27011,2026-07-01 17:42:35,confirmed,2026-07
82264,27237,486,2,1758.87,18.0,0.0,3517.74,486,240,27237,2024-03-14 21:10:46,paid,2024-03
82347,27261,486,2,1758.87,18.0,0.0,3517.74,486,240,27261,2026-05-20 09:32:28,paid,2026-05
82935,27449,486,8,1758.87,18.0,0.0,14070.96,486,240,27449,2024-03-06 18:05:59,paid,2024-03
83114,27513,147,9,3400.77,17.0,5.0,30606.93,147,74,27513,2022-02-07 20:15:33,paid,2022-02
83172,27533,148,8,1235.13,17.0,10.0,9881.04,148,74,27533,2026-12-18 00:25:36,confirmed,2026-12
83384,27608,486,8,1758.87,18.0,0.0,14070.96,486,240,27608,2023-05-02 01:54:59,draft,2023-05
83588,27671,148,2,1235.13,17.0,10.0,2470.26,148,74,27671,2026-05-09 00:06:28,paid,2026-05
83591,27671,147,7,3400.77,17.0,5.0,23805.39,147,74,27671,2026-05-09 00:06:28,paid,2026-05
83716,27710,147,6,3400.77,17.0,5.0,20404.62,147,74,27710,2020-04-01 15:32:10,confirmed,2020-04
83924,27779,147,1,3400.77,17.0,5.0,3400.77,147,74,27779,2024-05-25 15:09:46,paid,2024-05
84402,27931,147,8,3400.77,17.0,5.0,27206.16,147,74,27931,2026-01-15 14:19:53,paid,2026-01
84763,28052,147,2,3400.77,17.0,5.0,6801.54,147,74,28052,2025-01-04 12:01:36,paid,2025-01
84812,28068,486,4,1758.87,18.0,0.0,7035.48,486,240,28068,2025-12-02 18:39:37,paid,2025-12
85039,28142,147,3,3400.77,17.0,5.0,10202.31,147,74,28142,2020-05-28 21:52:08,confirmed,2020-05
85044,28143,147,2,3400.77,17.0,5.0,6801.54,147,74,28143,2022-11-02 17:21:26,cancelled,2022-11
85620,28345,147,10,3400.77,17.0,5.0,34007.7,147,74,28345,2025-01-03 01:42:47,paid,2025-01
85833,28411,148,5,1235.13,17.0,10.0,6175.65,148,74,28411,2026-12-22 16:29:51,paid,2026-12
86278,28554,148,4,1235.13,17.0,10.0,4940.52,148,74,28554,2021-04-05 12:57:26,paid,2021-04
86571,28653,148,9,1235.13,17.0,10.0,11116.17,148,74,28653,2026-12-14 18:56:37,paid,2026-12
87232,28881,148,3,1235.13,17.0,10.0,3705.39,148,74,28881,2021-01-11 09:42:24,paid,2021-01
87239,28883,486,10,1758.87,18.0,0.0,17588.7,486,240,28883,2025-01-24 16:47:13,paid,2025-01
87364,28924,147,6,3400.77,17.0,5.0,20404.62,147,74,28924,2023-01-06 01:07:19,paid,2023-01
87795,29077,147,2,3400.77,17.0,5.0,6801.54,147,74,29077,2025-02-12 19:46:39,confirmed,2025-02
88365,29282,147,1,3400.77,17.0,5.0,3400.77,147,74,29282,2025-12-29 15:16:07,paid,2025-12
88420,29299,148,9,1235.13,17.0,10.0,11116.17,148,74,29299,2023-11-05 16:35:48,paid,2023-11
89215,29569,486,9,1758.87,18.0,0.0,15829.83,486,240,29569,2020-09-21 16:23:39,paid,2020-09
89561,29688,486,10,1758.87,18.0,0.0,17588.7,486,240,29688,2024-12-08 13:28:29,cancelled,2024-12
89602,29700,148,2,1235.13,17.0,10.0,2470.26,148,74,29700,2021-11-23 10:35:37,paid,2021-11
90378,29966,148,5,1235.13,17.0,10.0,6175.65,148,74,29966,2024-11-23 19:41:43,paid,2024-11
90526,30017,148,10,1235.13,17.0,10.0,12351.3,148,74,30017,2023-04-08 18:50:39,paid,2023-04
90705,30076,147,3,3400.77,17.0,5.0,10202.31,147,74,30076,2025-04-14 06:38:50,paid,2025-04
90984,30167,148,3,1235.13,17.0,10.0,3705.39,148,74,30167,2024-12-02 08:50:00,paid,2024-12
91083,30201,148,4,1235.13,17.0,10.0,4940.52,148,74,30201,2026-05-25 14:08:56,draft,2026-05
92125,30558,148,9,1235.13,17.0,10.0,11116.17,148,74,30558,2026-01-03 20:48:58,paid,2026-01
92420,30650,486,8,1758.87,18.0,0.0,14070.96,486,240,30650,2023-02-26 00:53:44,paid,2023-02
92801,30777,148,7,1235.13,17.0,10.0,8645.91,148,74,30777,2023-12-16 18:26:13,paid,2023-12
93080,30871,147,9,3400.77,17.0,5.0,30606.93,147,74,30871,2026-07-11 07:58:27,confirmed,2026-07
93241,30926,486,3,1758.87,18.0,0.0,5276.61,486,240,30926,2026-08-16 04:56:44,paid,2026-08
93529,31025,148,3,1235.13,17.0,10.0,3705.39,148,74,31025,2022-12-21 01:38:19,paid,2022-12
93953,31167,486,6,1758.87,18.0,0.0,10553.22,486,240,31167,2021-02-07 14:31:23,paid,2021-02
94032,31198,148,10,1235.13,17.0,10.0,12351.3,148,74,31198,2022-11-21 21:09:01,confirmed,2022-11
94113,31225,486,2,1758.87,18.0,0.0,3517.74,486,240,31225,2023-10-26 22:33:18,paid,2023-10
94187,31249,148,7,1235.13,17.0,10.0,8645.91,148,74,31249,2025-11-13 07:55:55,confirmed,2025-11
94451,31333,486,8,1758.87,18.0,0.0,14070.96,486,240,31333,2021-10-17 15:58:08,paid,2021-10
94595,31383,486,4,1758.87,18.0,0.0,7035.48,486,240,31383,2025-03-10 04:22:44,cancelled,2025-03
94922,31485,486,8,1758.87,18.0,0.0,14070.96,486,240,31485,2024-03-13 20:46:12,paid,2024-03
95010,31515,148,3,1235.13,17.0,10.0,3705.39,148,74,31515,2026-10-16 02:37:26,paid,2026-10
95853,31788,147,4,3400.77,17.0,5.0,13603.08,147,74,31788,2022-02-13 13:51:20,paid,2022-02
96699,32082,147,8,3400.77,17.0,5.0,27206.16,147,74,32082,2023-12-13 11:16:30,paid,2023-12
97241,32259,147,9,3400.77,17.0,5.0,30606.93,147,74,32259,2021-01-29 16:24:09,paid,2021-01
97684,32406,147,7,3400.77,17.0,5.0,23805.39,147,74,32406,2025-06-26 22:24:14,paid,2025-06
97804,32441,147,10,3400.77,17.0,5.0,34007.7,147,74,32441,2022-10-29 13:46:11,paid,2022-10
98144,32547,147,6,3400.77,17.0,5.0,20404.62,147,74,32547,2026-10-10 07:21:38,cancelled,2026-10
98961,32810,147,6,3400.77,17.0,5.0,20404.62,147,74,32810,2023-03-28 20:42:33,paid,2023-03
99156,32876,147,2,3400.77,17.0,5.0,6801.54,147,74,32876,2025-03-24 03:00:18,paid,2025-03
99773,33082,486,3,1758.87,18.0,0.0,5276.61,486,240,33082,2025-05-31 15:35:17,paid,2025-05
100689,33397,147,7,3400.77,17.0,5.0,23805.39,147,74,33397,2021-03-31 16:52:10,paid,2021-03
101051,33516,147,1,3400.77,17.0,5.0,3400.77,147,74,33516,2026-01-02 10:25:21,paid,2026-01
101546,33673,147,10,3400.77,17.0,5.0,34007.7,147,74,33673,2024-03-10 13:29:41,paid,2024-03
101958,33812,486,8,1758.87,18.0,0.0,14070.96,486,240,33812,2023-10-04 17:21:43,paid,2023-10
101984,33821,147,9,3400.77,17.0,5.0,30606.93,147,74,33821,2022-04-22 21:45:37,cancelled,2022-04
102421,33969,486,2,1758.87,18.0,0.0,3517.74,486,240,33969,2024-07-29 13:49:57,cancelled,2024-07
103029,34173,147,4,3400.77,17.0,5.0,13603.08,147,74,34173,2024-11-05 22:35:24,cancelled,2024-11
103230,34239,148,4,1235.13,17.0,10.0,4940.52,148,74,34239,2022-01-11 18:40:39,draft,2022-01
103970,34484,148,4,1235.13,17.0,10.0,4940.52,148,74,34484,2026-02-23 22:53:02,paid,2026-02
104659,34727,147,7,3400.77,17.0,5.0,23805.39,147,74,34727,2024-11-16 02:56:55,paid,2024-11
104869,34797,147,8,3400.77,17.0,5.0,27206.16,147,74,34797,2026-02-01 04:55:25,cancelled,2026-02
104891,34803,486,8,1758.87,18.0,0.0,14070.96,486,240,34803,2025-02-03 19:27:09,confirmed,2025-02
105504,35012,486,10,1758.87,18.0,0.0,17588.7,486,240,35012,2025-01-28 19:06:30,paid,2025-01
106656,35407,148,4,1235.13,17.0,10.0,4940.52,148,74,35407,2023-04-09 08:47:52,confirmed,2023-04
106845,35475,147,7,3400.77,17.0,5.0,23805.39,147,74,35475,2026-03-17 16:11:37,paid,2026-03
106881,35489,147,8,3400.77,17.0,5.0,27206.16,147,74,35489,2025-04-11 02:02:50,paid,2025-04
106977,35520,486,1,1758.87,18.0,0.0,1758.87,486,240,35520,2026-03-23 08:08:13,paid,2026-03
107299,35633,148,10,1235.13,17.0,10.0,12351.3,148,74,35633,2025-10-21 01:36:29,paid,2025-10
107563,35722,147,4,3400.77,17.0,5.0,13603.08,147,74,35722,2025-01-06 14:46:40,draft,2025-01
108663,36093,486,1,1758.87,18.0,0.0,1758.87,486,240,36093,2026-02-23 21:44:27,paid,2026-02
108764,36126,486,7,1758.87,18.0,0.0,12312.09,486,240,36126,2025-04-10 05:56:12,paid,2025-04
109496,36370,148,3,1235.13,17.0,10.0,3705.39,148,74,36370,2026-02-07 06:38:29,paid,2026-02
109944,36516,147,4,3400.77,17.0,5.0,13603.08,147,74,36516,2025-02-07 18:13:31,paid,2025-02
109984,36530,147,4,3400.77,17.0,5.0,13603.08,147,74,36530,2026-10-28 07:35:36,confirmed,2026-10
110110,36571,148,4,1235.13,17.0,10.0,4940.52,148,74,36571,2024-11-29 10:04:21,paid,2024-11
110861,36822,148,4,1235.13,17.0,10.0,4940.52,148,74,36822,2025-02-19 22:45:07,paid,2025-02
111207,36944,147,4,3400.77,17.0,5.0,13603.08,147,74,36944,2023-03-19 08:04:32,paid,2023-03
111899,37180,148,2,1235.13,17.0,10.0,2470.26,148,74,37180,2024-02-17 20:55:55,paid,2024-02
112111,37243,148,2,1235.13,17.0,10.0,2470.26,148,74,37243,2024-06-27 22:14:28,paid,2024-06
112280,37306,147,1,3400.77,17.0,5.0,3400.77,147,74,37306,2022-11-02 19:42:55,confirmed,2022-11
112527,37386,486,3,1758.87,18.0,0.0,5276.61,486,240,37386,2021-02-14 07:57:35,confirmed,2021-02
112796,37480,148,9,1235.13,17.0,10.0,11116.17,148,74,37480,2020-04-26 11:49:41,paid,2020-04
112906,37521,147,7,3400.77,17.0,5.0,23805.39,147,74,37521,2025-01-11 06:54:26,paid,2025-01
113149,37597,486,9,1758.87,18.0,0.0,15829.83,486,240,37597,2020-11-15 13:25:30,paid,2020-11
113390,37672,147,9,3400.77,17.0,5.0,30606.93,147,74,37672,2024-10-19 00:34:39,confirmed,2024-10
113557,37736,148,7,1235.13,17.0,10.0,8645.91,148,74,37736,2022-03-31 21:29:02,paid,2022-03
113708,37780,486,4,1758.87,18.0,0.0,7035.48,486,240,37780,2026-12-11 18:32:38,confirmed,2026-12
113910,37850,148,8,1235.13,17.0,10.0,9881.04,148,74,37850,2022-06-14 04:56:32,paid,2022-06
114482,38029,486,2,1758.87,18.0,0.0,3517.74,486,240,38029,2026-03-16 13:09:57,paid,2026-03
114595,38062,147,10,3400.77,17.0,5.0,34007.7,147,74,38062,2026-01-21 11:33:30,paid,2026-01
114631,38076,148,3,1235.13,17.0,10.0,3705.39,148,74,38076,2025-03-28 00:31:20,confirmed,2025-03
114764,38125,147,10,3400.77,17.0,5.0,34007.7,147,74,38125,2023-02-13 02:26:32,cancelled,2023-02
114886,38163,486,4,1758.87,18.0,0.0,7035.48,486,240,38163,2023-09-13 22:24:58,confirmed,2023-09
114981,38193,148,1,1235.13,17.0,10.0,1235.13,148,74,38193,2022-08-09 23:18:36,confirmed,2022-08
115137,38243,147,8,3400.77,17.0,5.0,27206.16,147,74,38243,2022-10-29 23:28:53,paid,2022-10
115662,38438,147,7,3400.77,17.0,5.0,23805.39,147,74,38438,2024-02-25 06:34:51,paid,2024-02
115796,38480,486,8,1758.87,18.0,0.0,14070.96,486,240,38480,2021-03-11 21:58:46,paid,2021-03
116413,38691,147,4,3400.77,17.0,5.0,13603.08,147,74,38691,2024-06-14 06:32:42,paid,2024-06
116441,38699,148,3,1235.13,17.0,10.0,3705.39,148,74,38699,2023-03-08 21:08:43,paid,2023-03
116705,38798,148,2,1235.13,17.0,10.0,2470.26,148,74,38798,2025-03-16 01:11:54,paid,2025-03
117269,38980,147,7,3400.77,17.0,5.0,23805.39,147,74,38980,2026-06-04 18:20:53,cancelled,2026-06
117651,39104,486,7,1758.87,18.0,0.0,12312.09,486,240,39104,2026-11-06 13:22:39,cancelled,2026-11
117928,39196,486,1,1758.87,18.0,0.0,1758.87,486,240,39196,2026-08-25 07:26:01,paid,2026-08
118079,39244,148,1,1235.13,17.0,10.0,1235.13,148,74,39244,2021-06-22 08:01:19,paid,2021-06
118166,39273,148,6,1235.13,17.0,10.0,7410.78,148,74,39273,2023-03-14 23:47:47,paid,2023-03
118560,39407,147,4,3400.77,17.0,5.0,13603.08,147,74,39407,2026-12-30 03:23:25,paid,2026-12
119477,39718,148,9,1235.13,17.0,10.0,11116.17,148,74,39718,2023-11-23 02:22:28,paid,2023-11
119638,39769,147,7,3400.77,17.0,5.0,23805.39,147,74,39769,2026-11-16 12:35:00,draft,2026-11
119736,39801,148,3,1235.13,17.0,10.0,3705.39,148,74,39801,2022-10-03 20:10:07,paid,2022-10
119769,39812,148,7,1235.13,17.0,10.0,8645.91,148,74,39812,2026-08-18 10:57:02,paid,2026-08
120031,39896,148,6,1235.13,17.0,10.0,7410.78,148,74,39896,2025-03-20 08:34:07,paid,2025-03
120661,40102,147,4,3400.77,17.0,5.0,13603.08,147,74,40102,2024-01-12 16:43:00,paid,2024-01
120937,40197,486,10,1758.87,18.0,0.0,17588.7,486,240,40197,2021-02-25 11:27:57,paid,2021-02
121410,40350,147,5,3400.77,17.0,5.0,17003.85,147,74,40350,2025-08-15 22:26:51,confirmed,2025-08
121472,40377,486,9,1758.87,18.0,0.0,15829.83,486,240,40377,2025-11-12 07:12:54,confirmed,2025-11
121523,40397,486,10,1758.87,18.0,0.0,17588.7,486,240,40397,2025-09-15 00:24:23,paid,2025-09
121642,40433,148,1,1235.13,17.0,10.0,1235.13,148,74,40433,2025-04-30 03:45:44,paid,2025-04
121706,40453,148,5,1235.13,17.0,10.0,6175.65,148,74,40453,2021-03-29 16:29:51,paid,2021-03
121736,40463,486,1,1758.87,18.0,0.0,1758.87,486,240,40463,2024-10-06 17:28:42,paid,2024-10
121848,40504,147,10,3400.77,17.0,5.0,34007.7,147,74,40504,2023-02-04 07:48:12,paid,2023-02
122322,40664,147,1,3400.77,17.0,5.0,3400.77,147,74,40664,2026-06-30 04:07:58,paid,2026-06
122541,40731,147,8,3400.77,17.0,5.0,27206.16,147,74,40731,2026-01-09 18:18:09,paid,2026-01
122992,40875,148,1,1235.13,17.0,10.0,1235.13,148,74,40875,2020-03-13 15:22:23,paid,2020-03
123197,40945,148,7,1235.13,17.0,10.0,8645.91,148,74,40945,2022-12-22 07:33:53,paid,2022-12
123516,41051,147,7,3400.77,17.0,5.0,23805.39,147,74,41051,2023-09-09 02:48:40,confirmed,2023-09
123997,41207,486,5,1758.87,18.0,0.0,8794.35,486,240,41207,2026-11-01 08:09:19,confirmed,2026-11
124476,41361,147,10,3400.77,17.0,5.0,34007.7,147,74,41361,2021-12-14 06:29:48,paid,2021-12
124543,41383,148,2,1235.13,17.0,10.0,2470.26,148,74,41383,2024-02-10 21:11:14,paid,2024-02
124714,41441,486,9,1758.87,18.0,0.0,15829.83,486,240,41441,2026-12-02 12:59:40,paid,2026-12
125353,41656,486,8,1758.87,18.0,0.0,14070.96,486,240,41656,2023-04-18 11:40:28,paid,2023-04
125412,41676,486,6,1758.87,18.0,0.0,10553.22,486,240,41676,2024-01-18 00:45:43,paid,2024-01
125470,41697,148,6,1235.13,17.0,10.0,7410.78,148,74,41697,2021-05-16 21:48:58,paid,2021-05
125872,41833,147,5,3400.77,17.0,5.0,17003.85,147,74,41833,2020-04-12 04:15:50,paid,2020-04
125940,41853,148,9,1235.13,17.0,10.0,11116.17,148,74,41853,2026-09-13 12:12:43,paid,2026-09
126095,41904,148,3,1235.13,17.0,10.0,3705.39,148,74,41904,2024-03-18 22:09:49,paid,2024-03
126143,41918,148,9,1235.13,17.0,10.0,11116.17,148,74,41918,2025-03-08 14:57:12,paid,2025-03
126930,42179,147,2,3400.77,17.0,5.0,6801.54,147,74,42179,2022-10-30 01:21:20,paid,2022-10
126969,42190,148,7,1235.13,17.0,10.0,8645.91,148,74,42190,2024-05-10 06:20:38,paid,2024-05
127844,42480,148,6,1235.13,17.0,10.0,7410.78,148,74,42480,2020-12-29 05:53:17,paid,2020-12
128147,42582,148,9,1235.13,17.0,10.0,11116.17,148,74,42582,2026-11-17 15:52:01,paid,2026-11
128597,42734,486,6,1758.87,18.0,0.0,10553.22,486,240,42734,2026-01-12 11:17:50,paid,2026-01
128639,42747,486,1,1758.87,18.0,0.0,1758.87,486,240,42747,2025-05-31 20:18:47,paid,2025-05
128884,42826,148,10,1235.13,17.0,10.0,12351.3,148,74,42826,2026-04-12 19:53:21,paid,2026-04
128965,42852,147,5,3400.77,17.0,5.0,17003.85,147,74,42852,2021-11-19 02:12:53,paid,2021-11
129660,43101,486,9,1758.87,18.0,0.0,15829.83,486,240,43101,2024-02-28 23:21:05,cancelled,2024-02
129964,43200,148,8,1235.13,17.0,10.0,9881.04,148,74,43200,2023-11-14 17:21:50,paid,2023-11
130457,43364,486,9,1758.87,18.0,0.0,15829.83,486,240,43364,2022-04-17 15:55:00,paid,2022-04
131173,43607,148,5,1235.13,17.0,10.0,6175.65,148,74,43607,2023-04-06 15:25:05,paid,2023-04
131439,43699,147,4,3400.77,17.0,5.0,13603.08,147,74,43699,2021-12-23 19:47:46,paid,2021-12
131486,43715,147,9,3400.77,17.0,5.0,30606.93,147,74,43715,2026-03-16 03:07:25,confirmed,2026-03
131550,43733,486,5,1758.87,18.0,0.0,8794.35,486,240,43733,2026-12-17 09:26:39,paid,2026-12
131680,43775,486,10,1758.87,18.0,0.0,17588.7,486,240,43775,2025-05-25 11:40:02,confirmed,2025-05
131756,43799,148,2,1235.13,17.0,10.0,2470.26,148,74,43799,2022-03-05 14:24:23,paid,2022-03
132045,43892,486,5,1758.87,18.0,0.0,8794.35,486,240,43892,2026-04-15 17:05:55,paid,2026-04
132477,44047,486,8,1758.87,18.0,0.0,14070.96,486,240,44047,2026-10-17 20:42:56,paid,2026-10
132485,44049,486,2,1758.87,18.0,0.0,3517.74,486,240,44049,2025-12-05 18:34:15,confirmed,2025-12
132840,44167,148,2,1235.13,17.0,10.0,2470.26,148,74,44167,2022-02-06 23:52:51,paid,2022-02
133716,44462,148,5,1235.13,17.0,10.0,6175.65,148,74,44462,2020-11-21 10:46:49,paid,2020-11
134376,44683,148,8,1235.13,17.0,10.0,9881.04,148,74,44683,2020-12-04 05:26:35,confirmed,2020-12
134780,44818,486,9,1758.87,18.0,0.0,15829.83,486,240,44818,2022-08-28 21:24:28,confirmed,2022-08
134796,44825,148,7,1235.13,17.0,10.0,8645.91,148,74,44825,2025-09-03 10:57:27,paid,2025-09
135087,44923,147,10,3400.77,17.0,5.0,34007.7,147,74,44923,2025-11-10 17:23:20,paid,2025-11
135655,45112,147,4,3400.77,17.0,5.0,13603.08,147,74,45112,2024-11-19 02:50:42,paid,2024-11
135976,45215,486,4,1758.87,18.0,0.0,7035.48,486,240,45215,2024-01-11 13:25:47,paid,2024-01
136179,45281,148,4,1235.13,17.0,10.0,4940.52,148,74,45281,2023-04-13 13:40:29,paid,2023-04
136569,45409,147,10,3400.77,17.0,5.0,34007.7,147,74,45409,2023-12-19 12:09:01,paid,2023-12
136622,45428,148,2,1235.13,17.0,10.0,2470.26,148,74,45428,2023-02-07 10:09:15,cancelled,2023-02
136651,45439,486,9,1758.87,18.0,0.0,15829.83,486,240,45439,2021-11-25 04:37:47,paid,2021-11
137226,45637,148,8,1235.13,17.0,10.0,9881.04,148,74,45637,2026-04-12 02:21:41,paid,2026-04
137841,45834,148,9,1235.13,17.0,10.0,11116.17,148,74,45834,2023-11-12 07:42:52,paid,2023-11
138176,45946,148,2,1235.13,17.0,10.0,2470.26,148,74,45946,2023-04-28 19:39:06,paid,2023-04
139052,46233,147,1,3400.77,17.0,5.0,3400.77,147,74,46233,2020-01-05 21:45:00,paid,2020-01
139609,46425,148,9,1235.13,17.0,10.0,11116.17,148,74,46425,2026-11-22 21:08:40,draft,2026-11
139650,46440,148,5,1235.13,17.0,10.0,6175.65,148,74,46440,2022-10-25 06:55:48,paid,2022-10
139705,46459,486,9,1758.87,18.0,0.0,15829.83,486,240,46459,2021-07-11 20:14:43,draft,2021-07
140122,46586,486,1,1758.87,18.0,0.0,1758.87,486,240,46586,2023-10-22 06:48:26,paid,2023-10
140755,46792,486,5,1758.87,18.0,0.0,8794.35,486,240,46792,2022-04-21 16:15:52,paid,2022-04
141007,46872,148,10,1235.13,17.0,10.0,12351.3,148,74,46872,2022-05-24 12:43:48,draft,2022-05
141147,46923,148,10,1235.13,17.0,10.0,12351.3,148,74,46923,2026-02-20 03:46:48,paid,2026-02
141575,47062,147,8,3400.77,17.0,5.0,27206.16,147,74,47062,2022-11-28 02:43:00,paid,2022-11
141651,47086,486,3,1758.87,18.0,0.0,5276.61,486,240,47086,2022-01-30 01:25:37,paid,2022-01
141681,47096,486,1,1758.87,18.0,0.0,1758.87,486,240,47096,2023-10-14 10:41:10,paid,2023-10
142031,47224,148,1,1235.13,17.0,10.0,1235.13,148,74,47224,2023-03-09 16:52:20,paid,2023-03
143024,47550,147,5,3400.77,17.0,5.0,17003.85,147,74,47550,2025-03-17 21:56:40,draft,2025-03
143255,47621,148,10,1235.13,17.0,10.0,12351.3,148,74,47621,2026-09-13 20:19:42,draft,2026-09
143353,47656,147,6,3400.77,17.0,5.0,20404.62,147,74,47656,2023-02-22 06:35:01,paid,2023-02
143432,47680,486,10,1758.87,18.0,0.0,17588.7,486,240,47680,2026-02-10 14:18:28,paid,2026-02
144445,48012,147,3,3400.77,17.0,5.0,10202.31,147,74,48012,2024-03-19 03:45:46,paid,2024-03
144646,48083,148,2,1235.13,17.0,10.0,2470.26,148,74,48083,2024-02-15 17:04:04,paid,2024-02
144719,48113,147,10,3400.77,17.0,5.0,34007.7,147,74,48113,2025-03-27 12:23:13,paid,2025-03
144761,48127,486,1,1758.87,18.0,0.0,1758.87,486,240,48127,2022-08-07 15:15:27,paid,2022-08
144783,48136,147,1,3400.77,17.0,5.0,3400.77,147,74,48136,2024-08-12 07:57:00,paid,2024-08
144926,48183,486,3,1758.87,18.0,0.0,5276.61,486,240,48183,2025-02-15 12:21:43,paid,2025-02
145437,48353,147,2,3400.77,17.0,5.0,6801.54,147,74,48353,2020-05-30 02:30:58,paid,2020-05
145592,48402,486,5,1758.87,18.0,0.0,8794.35,486,240,48402,2023-09-11 08:55:31,paid,2023-09
145608,48408,148,10,1235.13,17.0,10.0,12351.3,148,74,48408,2025-04-28 01:58:42,paid,2025-04
146149,48581,148,5,1235.13,17.0,10.0,6175.65,148,74,48581,2023-06-15 10:59:14,paid,2023-06
146179,48589,148,3,1235.13,17.0,10.0,3705.39,148,74,48589,2023-08-07 09:51:41,paid,2023-08
146526,48711,147,2,3400.77,17.0,5.0,6801.54,147,74,48711,2022-10-21 08:30:36,paid,2022-10
147592,49074,148,9,1235.13,17.0,10.0,11116.17,148,74,49074,2024-02-14 00:59:37,paid,2024-02
148121,49247,486,3,1758.87,18.0,0.0,5276.61,486,240,49247,2026-01-01 17:25:33,paid,2026-01
148295,49308,486,5,1758.87,18.0,0.0,8794.35,486,240,49308,2020-12-17 18:07:48,paid,2020-12
148375,49338,486,10,1758.87,18.0,0.0,17588.7,486,240,49338,2025-06-07 06:27:52,confirmed,2025-06
148675,49437,147,3,3400.77,17.0,5.0,10202.31,147,74,49437,2026-02-09 15:20:14,paid,2026-02
149359,49668,486,3,1758.87,18.0,0.0,5276.61,486,240,49668,2024-12-30 02:34:28,paid,2024-12
149463,49706,148,1,1235.13,17.0,10.0,1235.13,148,74,49706,2026-03-25 00:11:05,paid,2026-03
149969,49876,147,3,3400.77,17.0,5.0,10202.31,147,74,49876,2025-12-14 12:42:55,cancelled,2025-12
